study_code,original_code,rad_assignment,caps_assignment,final_assignment
PSOKD_7053,not_available,BLU,,BLU
PSOKD_7054,not_available,BLU,,BLU
PSOKD_7055,not_available,BLU,,BLU
PSOKD_7056,not_available,BLU,,BLU
PSOKD_7057,not_available,BLU,,BLU
PSOKD_7061,not_available,BLU,,BLU
PSOKD_7065,not_available,BLU,,BLU
PSOKD_7066,not_available,BLU,,BLU
PSOKD_7072,not_available,BLU,,BLU
PSOKD_7074,not_available,BLU,,BLU
PSOSD_7135,not_available,BLU,,BLU
PSOSD_7137,not_available,BLU,,BLU
PSOSD_7141,not_available,BLU,,BLU
PSOSD_7142,not_available,BLU,,BLU
PSOSD_7145,not_available,BLU,,BLU
PSOSD_7147,not_available,BLU,,BLU
PSOSD_7148,not_available,BLU,,BLU
PSOSD_7149,not_available,BLU,,BLU
PSOSD_7150,not_available,BLU,,BLU
PSOSD_7152,not_available,BLU,,BLU
PSCFX_0430,DC0430,BLU,BLU,BLU
PSGMD_0859,DC0859,BLU,BLU,BLU
PSCYX_7460,DC7460,BLU,BLU,BLU
PSGAD_7610,DC7610,BLU,UBR,BLU
PSGYD_7832,DC7832,BLU,BLU,BLU
PSGYD_7833,DC7833,BLU,BLU,BLU
PSGYD_7834,DC7834,BLU,BLU,BLU
PSGTS_7902,DC7902,BLU,BLU,BLU
PSGSD_8000,DC8000,BLU,BLU,BLU
PSGSD_8024,DC8024,BLU,BLU,BLU
PSGSB_8043,DC8043,BLU,UGB,BLU
PSGSB_8045,DC8045,BLU,BLU,BLU
PSGDS_8068,DC8068,BLU,BLU,BLU
PSGDD_8083,DC8083,BLU,BLU,BLU
PSGDD_8092,DC8092,BLU,BLU,BLU
PSGDB_8137,DC8137,BLU,BLU,BLU
PSGRD_8181,DC8181,BLU,BLU,BLU
PSGRD_8189,DC8189,BLU,BLU,BLU
PSCBS_8274,DC8274,BLU,BLU,BLU
PSCBS_8278,DC8278,BLU,BLU,BLU
PSCBS_8281,DC8281,BLU,BLU,BLU
PSCBD_8288,DC8288,BLU,BLU,BLU
PSCBD_8289,DC8289,BLU,BLU,BLU
PSCBD_8290,DC8290,BLU,UBR,BLU
PSCBD_8292,DC8292,BLU,BLU,BLU
PSCBD_8309,DC8309,BLU,BLU,BLU
PSCBD_8311,DC8311,BLU,BLU,BLU
PSCBX_8315,DC8315,BLU,BLU,BLU
PSCBX_8318,DC8318,BLU,BLU,BLU
PSCBX_8320,DC8320,BLU,BLU,BLU
PSCBX_8321,DC8321,BLU,BLU,BLU
PSCBX_8322,DC8322,BLU,BLU,BLU
PSCBX_8323,DC8323,BLU,BLU,BLU
PSCBX_8325,DC8325,BLU,BLU,BLU
PSCBX_8326,DC8326,BLU,BLU,BLU
PSCBX_8327,DC8327,BLU,BLU,BLU
PSCBX_8331,DC8331,BLU,BLU,BLU
PSCBX_8332,DC8332,BLU,BLU,BLU
PSCBX_8333,DC8333,BLU,BLU,BLU
PSCBX_8334,DC8334,BLU,BLU,BLU
PSCBX_8336,DC8336,BLU,BLU,BLU
PSCBX_8337,DC8337,BLU,BLU,BLU
PSCYS_8361,DC8361,BLU,BLU,BLU
PSCYD_8378,DC8378,BLU,BLU,BLU
PSCYD_8382,DC8382,BLU,BLU,BLU
PSCYD_8393,DC8393,BLU,BLU,BLU
PSCYD_8395,DC8395,BLU,UBR,BLU
PSPGD_0947,PNG0947,BLU,BLU,BLU
PSPGS_1049,PNG1049,BLU,BLU,BLU
PSPGS_1097,PNG1097,BLU,UBR,BLU
PSPVS_1333,PNG1333,BLU,BLU,BLU
PSCBD_8287,not_available,BLU,,BLU
PSCBD_8300,not_available,BLU,,BLU
PSCBD_8301,not_available,BLU,,BLU
PSCBD_8302,not_available,BLU,,BLU
PSCBD_8303,not_available,BLU,,BLU
PSCBD_8307,not_available,BLU,,BLU
PSCBD_8310,not_available,BLU,,BLU
PSCBS_8276,not_available,BLU,,BLU
PSCBS_8279,not_available,BLU,,BLU
PSCBS_8280,not_available,BLU,,BLU
PSCBS_8282,not_available,BLU,,BLU
PSCFX_0507,not_available,BLU,,BLU
PSCYD_8388,not_available,BLU,,BLU
PSCYD_8391,not_available,BLU,,BLU
PSCYD_8394,not_available,BLU,,BLU
PSCYD_8396,not_available,BLU,,BLU
PSCYD_8400,not_available,BLU,,BLU
PSCYS_8346,not_available,BLU,,BLU
PSCYS_8360,not_available,BLU,,BLU
PSGAB_7650,not_available,BLU,,BLU
PSGAB_7662,not_available,BLU,,BLU
PSGAD_7604,not_available,BLU,,BLU
PSGAD_7615,not_available,BLU,,BLU
PSGAD_7619,not_available,BLU,,BLU
PSGDB_8160,not_available,BLU,,BLU
PSGDD_8077,not_available,BLU,,BLU
PSGDD_8079,not_available,BLU,,BLU
PSGDD_8087,not_available,BLU,,BLU
PSGDD_8094,not_available,BLU,,BLU
PSGDS_8097,not_available,BLU,,BLU
PSGDS_8101,not_available,BLU,,BLU
PSGDS_8103,not_available,BLU,,BLU
PSGDS_8108,not_available,BLU,,BLU
PSGGB_7962,not_available,BLU,,BLU
PSGGB_7968,not_available,BLU,,BLU
PSGGD_2489,not_available,BLU,,BLU
PSGGD_2554,not_available,BLU,,BLU
PSGMB_1107,not_available,BLU,,BLU
PSGMB_1108,not_available,BLU,,BLU
PSGMD_1054,not_available,BLU,,BLU
PSGRB_8220,not_available,BLU,,BLU
PSGRB_8229,not_available,BLU,,BLU
PSGRD_8173,not_available,BLU,,BLU
PSGRD_8179,not_available,BLU,,BLU
PSGRD_8188,not_available,BLU,,BLU
PSGRD_8192,not_available,BLU,,BLU
PSGRD_8197,not_available,BLU,,BLU
PSGSB_8047,not_available,BLU,,BLU
PSGSB_8050,not_available,BLU,,BLU
PSGSB_8052,not_available,BLU,,BLU
PSGSB_8058,not_available,BLU,,BLU
PSGSB_8061,not_available,BLU,,BLU
PSGSD_7991,not_available,BLU,,BLU
PSGSD_7992,not_available,BLU,,BLU
PSGSD_7995,not_available,BLU,,BLU
PSGSD_7996,not_available,BLU,,BLU
PSGSD_7999,not_available,BLU,,BLU
PSGSD_8004,not_available,BLU,,BLU
PSGSD_8021,not_available,BLU,,BLU
PSGTD_7946,not_available,BLU,,BLU
PSGTD_7948,not_available,BLU,,BLU
PSGTD_7950,not_available,BLU,,BLU
PSGTD_7952,not_available,BLU,,BLU
PSGTS_7903,not_available,BLU,,BLU
PSGTS_7904,not_available,BLU,,BLU
PSGTS_7905,not_available,BLU,,BLU
PSGTS_7913,not_available,BLU,,BLU
PSGTS_7919,not_available,BLU,,BLU
PSGTS_7920,not_available,BLU,,BLU
PSGUB_7766,not_available,BLU,,BLU
PSGUB_7789,not_available,BLU,,BLU
PSGYD_7812,not_available,BLU,,BLU
PSGYD_7815,not_available,BLU,,BLU
PSGYD_7817,not_available,BLU,,BLU
PSGYD_7819,not_available,BLU,,BLU
PSGYD_7829,not_available,BLU,,BLU
PSGYS_7878,not_available,BLU,,BLU
PSGYS_7880,not_available,BLU,,BLU
PSGYS_7890,not_available,BLU,,BLU
PSPGD_0959,not_available,BLU,,BLU
PSPGD_0970,not_available,BLU,,BLU
PSPGS_1065,not_available,BLU,,BLU
PSPGS_1075,not_available,BLU,,BLU
PSPVD_1254,not_available,BLU,,BLU
PSPVS_1307,not_available,BLU,,BLU
PSPVS_1319,not_available,BLU,,BLU
PSPVS_1347,not_available,BLU,,BLU
PSPVD_1245,PNG1245,BLU,BLU,BLU
PSPVD_1267,PNG1267,BLU,BLU,BLU
PSOKD_7058,not_available,BLU,,BLU
PSOSS_7170,not_available,BLU,,BLU
PSOSS_7174,not_available,BLU,,BLU
PSOSS_7184,not_available,BLU,,BLU
PSPGS_1095,not_available,BLU,,BLU
PSPVD_1223,not_available,BLU,,BLU
PSPVD_1235,not_available,BLU,,BLU
PSPVD_1249,not_available,BLU,,BLU
PSPVS_1353,not_available,BLU,,BLU
PSCHD_0041,DC0041,,BLU,BLU
PSCHD_0201,DC0201,,BLU,BLU
PSCHD_0212,DC0212,,BLU,BLU
PSCHD_0217,DC0217,,BLU,BLU
PSCHD_0220,DC0220,,BLU,BLU
PSCHD_0221,DC0221,,BLU,BLU
PSCHD_0239,DC0239,,BLU,BLU
PSCHD_0241,DC0241,,BLU,BLU
PSCHD_0242,DC0242,,BLU,BLU
PSCHX_0312,DC0312,,BLU,BLU
PSCFD_0393,DC0393,,BLU,BLU
PSCFD_0396,DC0396,,BLU,BLU
PSCFD_0406,DC0406,,BLU,BLU
PSCFX_0429,DC0429,,BLU,BLU
PSCFD_0466,DC0466,,BLU,BLU
PSCFD_0468,DC0468,,BLU,BLU
PSCFD_0469,DC0469,,BLU,BLU
PSCFD_0470,DC0470,,BLU,BLU
PSCFD_0473,DC0473,,BLU,BLU
PSCFD_0572,DC0572,,BLU,BLU
PSCFX_0661,DC0661,,BLU,BLU
PSCFX_0662,DC0662,,BLU,BLU
PSGMD_0767,DC0767,,BLU,BLU
PSGMD_0856,DC0856,,BLU,BLU
PSGMD_0860,DC0860,,BLU,BLU
PSGMD_0861,DC0861,,BLU,BLU
PSGMD_0862,DC0862,,BLU,BLU
PSGMB_1103,DC1103,,BLU,BLU
PSGMB_1106,DC1106,,BLU,BLU
PSGMB_1112,DC1112,,BLU,BLU
PSCVM_1337,DC1337,,BLU,BLU
PSCVD_1350,DC1350,,BLU,BLU
PSCVD_1354,DC1354,,BLU,BLU
PSCVM_1383,DC1383,,BLU,BLU
PSCVS_1386,DC1386,,BLU,BLU
PSCVD_1399,DC1399,,BLU,BLU
PSCVX_1392,DC1392,,BLU,BLU
PSCVX_1393,DC1393,,BLU,BLU
PSCVD_1395,DC1395,,BLU,BLU
PSCVD_1396,DC1396,,BLU,BLU
PSCVX_1411,DC1411,,BLU,BLU
PSCVD_1424,DC1424,,BLU,BLU
PSCVD_1425,DC1425,,BLU,BLU
PSCVD_1426,DC1426,,BLU,BLU
PSCVD_1429,DC1429,,BLU,BLU
PSCVD_1487,DC1487,,BLU,BLU
PSCVD_1575,DC1575,,BLU,BLU
PSCOD_1686,DC1686,,BLU,BLU
PSCOD_1699,DC1699,,BLU,BLU
PSCOS_1707,DC1707,,BLU,BLU
PSCOS_1716,DC1716,,BLU,BLU
PSCOS_1720,DC1720,,BLU,BLU
PSCOD_1812,DC1812,,BLU,BLU
PSCOD_1813,DC1813,,BLU,BLU
PSCOD_1814,DC1814,,BLU,BLU
PSCOD_1815,DC1815,,BLU,BLU
PSCOD_1875,DC1875,,BLU,BLU
PSCOD_1877,DC1877,,BLU,BLU
PSCOD_1880,DC1880,,BLU,BLU
PSCOD_1881,DC1881,,BLU,BLU
PSCOD_1884,DC1884,,BLU,BLU
PSCOD_1886,DC1886,,BLU,BLU
PSCYM_2024,DC2024,,BLU,BLU
PSCYD_2036,DC2036,,BLU,BLU
PSCYD_2046,DC2046,,BLU,BLU
PSCYD_2050,DC2050,,BLU,BLU
PSCYD_2051,DC2051,,BLU,BLU
PSCYD_2052,DC2052,,BLU,BLU
PSCYD_2053,DC2053,,BLU,BLU
PSCYD_2055,DC2055,,BLU,BLU
PSCYD_2056,DC2056,,BLU,BLU
PSCYD_2058,DC2058,,BLU,BLU
PSCYD_2059,DC2059,,BLU,BLU
PSCYD_2081,DC2081,,BLU,BLU
PSCYD_2082,DC2082,,BLU,BLU
PSCYD_2084,DC2084,,BLU,BLU
PSCYD_2087,DC2087,,BLU,BLU
PSCYD_2097,DC2097,,BLU,BLU
PSCYD_2098,DC2098,,BLU,BLU
PSCYD_2102,DC2102,,BLU,BLU
PSCYD_2104,DC2104,,BLU,BLU
PSCYS_2126,DC2126,,BLU,BLU
PSCYM_2179,DC2179,,BLU,BLU
PSCYS_2369,DC2369,,BLU,BLU
PSCYS_2371,DC2371,,BLU,BLU
PSCYS_2380,DC2380,,BLU,BLU
PSCYS_2381,DC2381,,BLU,BLU
PSCYS_2383,DC2383,,BLU,BLU
PSCYS_2386,DC2386,,BLU,BLU
PSGGD_2486,DC2486,,BLU,BLU
PSGGS_2651,DC2651,,BLU,BLU
PSGTD_2736,DC2736,,BLU,BLU
PSGTD_2741,DC2741,,BLU,BLU
PSGTD_2743,DC2743,,BLU,BLU
PSGTD_2747,DC2747,,BLU,BLU
PSGTS_2832,DC2832,,BLU,BLU
PSGTS_2922,DC2922,,BLU,BLU
PSGTD_2929,DC2929,,BLU,BLU
PSGTD_2931,DC2931,,BLU,BLU
PSGTD_2933,DC2933,,BLU,BLU
PSGTD_2937,DC2937,,BLU,BLU
PSGTD_2958,DC2958,,BLU,BLU
PSGTD_2959,DC2959,,BLU,BLU
PSGTS_2973,DC2973,,BLU,BLU
PSGTS_2974,DC2974,,BLU,BLU
PSGTS_2981,DC2981,,BLU,BLU
PSGTX_3011,DC3011,,BLU,BLU
PSGTS_3023,DC3023,,BLU,BLU
PSCOM_7456,DC7456,,BLU,BLU
PSCVX_7502,DC7502,,BLU,BLU
PSGAD_7609,DC7609,,BLU,BLU
PSGAD_7618,DC7618,,BLU,BLU
PSGAD_7620,DC7620,,BLU,BLU
PSGAD_7622,DC7622,,BLU,BLU
PSGAD_7629,DC7629,,BLU,BLU
PSGAD_7632,DC7632,,BLU,BLU
PSGAB_7654,DC7654,,BLU,BLU
PSGAB_7665,DC7665,,BLU,BLU
PSGAB_7667,DC7667,,BLU,BLU
PSGYD_7808,DC7808,,BLU,BLU
PSGYD_7809,DC7809,,BLU,BLU
PSGYD_7810,DC7810,,BLU,BLU
PSGYD_7814,DC7814,,BLU,BLU
PSGYD_7816,DC7816,,BLU,BLU
PSGYD_7818,DC7818,,BLU,BLU
PSGYD_7822,DC7822,,BLU,BLU
PSGYD_7828,DC7828,,BLU,BLU
PSGYD_7844,DC7844,,BLU,BLU
PSGYD_7845,DC7845,,BLU,BLU
PSGYD_7847,DC7847,,BLU,BLU
PSGYD_7850,DC7850,,BLU,BLU
PSGYD_7852,DC7852,,BLU,BLU
PSGYS_7867,DC7867,,BLU,BLU
PSGYS_7869,DC7869,,BLU,BLU
PSGYS_7870,DC7870,,BLU,BLU
PSGYS_7871,DC7871,,BLU,BLU
PSGYS_7873,DC7873,,BLU,BLU
PSGYS_7874,DC7874,,BLU,BLU
PSGYS_7877,DC7877,,BLU,BLU
PSGYS_7881,DC7881,,BLU,BLU
PSGYS_7882,DC7882,,BLU,BLU
PSGYS_7884,DC7884,,BLU,BLU
PSGYS_7887,DC7887,,BLU,BLU
PSGYS_7892,DC7892,,BLU,BLU
PSGTS_7896,DC7896,,BLU,BLU
PSGTS_7917,DC7917,,BLU,BLU
PSGTS_7921,DC7921,,BLU,BLU
PSGTS_7924,DC7924,,BLU,BLU
PSGTS_7926,DC7926,,BLU,BLU
PSGTD_7941,DC7941,,BLU,BLU
PSGSD_8005,DC8005,,BLU,BLU
PSGSD_8009,DC8009,,BLU,BLU
PSGSD_8011,DC8011,,BLU,BLU
PSGSD_8012,DC8012,,BLU,BLU
PSGSD_8015,DC8015,,BLU,BLU
PSGSD_8019,DC8019,,BLU,BLU
PSGSD_8022,DC8022,,BLU,BLU
PSGSD_8023,DC8023,,BLU,BLU
PSGSD_8026,DC8026,,BLU,BLU
PSGSD_8029,DC8029,,BLU,BLU
PSGSS_8031,DC8031,,BLU,BLU
PSGDS_8066,DC8066,,BLU,BLU
PSGDS_8067,DC8067,,BLU,BLU
PSGDS_8070,DC8070,,BLU,BLU
PSGDS_8071,DC8071,,BLU,BLU
PSGDS_8073,DC8073,,BLU,BLU
PSGDS_8074,DC8074,,BLU,BLU
PSGDD_8075,DC8075,,BLU,BLU
PSGDS_8098,DC8098,,BLU,BLU
PSGDS_8099,DC8099,,BLU,BLU
PSGDS_8105,DC8105,,BLU,BLU
PSGDB_8145,DC8145,,BLU,BLU
PSGRD_8174,DC8174,,BLU,BLU
PSGRD_8184,DC8184,,BLU,BLU
PSGRD_8185,DC8185,,BLU,BLU
PSGRD_8186,DC8186,,BLU,BLU
PSGRD_8200,DC8200,,BLU,BLU
PSGRD_8207,DC8207,,BLU,BLU
PSGRD_8208,DC8208,,BLU,BLU
PSGRD_8210,DC8210,,BLU,BLU
PSGRD_8211,DC8211,,BLU,BLU
PSGRD_8212,DC8212,,BLU,BLU
PSGRD_8213,DC8213,,BLU,BLU
PSGRD_8215,DC8215,,BLU,BLU
PSGRD_8216,DC8216,,BLU,BLU
PSGRB_8228,DC8228,,BLU,BLU
PSCBD_8285,DC8285,,BLU,BLU
PSCBD_8291,DC8291,,BLU,BLU
PSCBD_8295,DC8295,,BLU,BLU
PSCBD_8296,DC8296,,BLU,BLU
PSCBD_8297,DC8297,,BLU,BLU
PSCBD_8313,DC8313,,BLU,BLU
PSCBX_8319,DC8319,,BLU,BLU
PSCBX_8324,DC8324,,BLU,BLU
PSCBX_8328,DC8328,,BLU,BLU
PSCBX_8340,DC8340,,BLU,BLU
PSCBX_8341,DC8341,,BLU,BLU
PSCBX_8342,DC8342,,BLU,BLU
PSCBX_8343,DC8343,,BLU,BLU
PSCBX_8344,DC8344,,BLU,BLU
PSCYS_8347,DC8347,,BLU,BLU
PSCYS_8371,DC8371,,BLU,BLU
PSCYS_8372,DC8372,,BLU,BLU
PSCYD_8377,DC8377,,BLU,BLU
PSCYD_8379,DC8379,,BLU,BLU
PSCYD_8380,DC8380,,BLU,BLU
PSCYD_8387,DC8387,,BLU,BLU
PSCYD_8399,DC8399,,BLU,BLU
PSCYD_8404,DC8404,,BLU,BLU
PSGID_8787,DC8787,,BLU,BLU
PSGID_8791,DC8791,,BLU,BLU
PSGIS_8800,DC8800,,BLU,BLU
PSGIS_8802,DC8802,,BLU,BLU
PSCZD_8910,DC8910,,BLU,BLU
PSCZD_8926,DC8926,,BLU,BLU
PSCZS_8937,DC8937,,BLU,BLU
PSCHD_9001,DC9001,,BLU,BLU
PSCHD_9002,DC9002,,BLU,BLU
PSCHD_9003,DC9003,,BLU,BLU
PSCHD_9004,DC9004,,BLU,BLU
PSCHD_9009,DC9009,,BLU,BLU
PSCHD_9010,DC9010,,BLU,BLU
PSCYD_9011,DC9011,,BLU,BLU
PSCYD_9012,DC9012,,BLU,BLU
PSCYD_9015,DC9015,,BLU,BLU
PSCYD_9016,DC9016,,BLU,BLU
PSCYD_9017,DC9017,,BLU,BLU
PSCYD_9018,DC9018,,BLU,BLU
PSCYD_9028,DC9028,,BLU,BLU
PSCYD_9032,DC9032,,BLU,BLU
PSCYD_9036,DC9036,,BLU,BLU
PSCYD_9038,DC9038,,BLU,BLU
PSCYD_9040,DC9040,,BLU,BLU
PSCYD_9042,DC9042,,BLU,BLU
PSCYD_9046,DC9046,,BLU,BLU
PSCYD_9048,DC9048,,BLU,BLU
PSCYD_9054,DC9054,,BLU,BLU
PSCYD_9060,DC9060,,BLU,BLU
PSCZD_9063,DC9063,,BLU,BLU
PSCZD_9064,DC9064,,BLU,BLU
PSCZD_9066,DC9066,,BLU,BLU
PSCZD_9073,DC9073,,BLU,BLU
PSCZD_9078,DC9078,,BLU,BLU
PSCZD_9081,DC9081,,BLU,BLU
PSCZD_9084,DC9084,,BLU,BLU
PSCVD_9087,DC9087,,BLU,BLU
PSCVD_9089,DC9089,,BLU,BLU
PSCVD_9091,DC9091,,BLU,BLU
PSGBS_9125,DC9125,,BLU,BLU
PSGBS_9126,DC9126,,BLU,BLU
PSGBS_9131,DC9131,,BLU,BLU
PSGBS_9137,DC9137,,BLU,BLU
PSGOB_9157,DC9157,,BLU,BLU
PSGOB_9187,DC9187,,BLU,BLU
PSGOB_9191,DC9191,,BLU,BLU
PSGOB_9192,DC9192,,BLU,BLU
PSGOB_9193,DC9193,,BLU,BLU
PSGOB_9194,DC9194,,BLU,BLU
PSGOS_9206,DC9206,,BLU,BLU
PSPGD_0953,PNG0953,,BLU,BLU
PSPGD_0955,PNG0955,,BLU,BLU
PSPGD_0972,PNG0972,,BLU,BLU
PSPGD_0974,PNG0974,,BLU,BLU
PSPGD_0977,PNG0977,,BLU,BLU
PSPGD_0987,PNG0987,,BLU,BLU
PSPGD_1003,PNG1003,,BLU,BLU
PSPGD_1010,PNG1010,,BLU,BLU
PSPGD_1037,PNG1037,,BLU,BLU
PSPGD_1039,PNG1039,,BLU,BLU
PSPGS_1057,PNG1057,,BLU,BLU
PSPGS_1101,PNG1101,,BLU,BLU
PSPGS_1103,PNG1103,,BLU,BLU
PSPGS_1111,PNG1111,,BLU,BLU
PSPVD_1225,PNG1225,,BLU,BLU
PSPVD_1243,PNG1243,,BLU,BLU
PSPVD_1264,PNG1264,,BLU,BLU
PSPVD_1270,PNG1270,,BLU,BLU
PSPVD_1274,PNG1274,,BLU,BLU
PSPVD_1284,PNG1284,,BLU,BLU
PSPVD_1293,PNG1293,,BLU,BLU
PSPVS_1303,PNG1303,,BLU,BLU
PSPVS_1309,PNG1309,,BLU,BLU
PSPVS_1321,PNG1321,,BLU,BLU
PSPVS_1343,PNG1343,,BLU,BLU
PSPVS_1349,PNG1349,,BLU,BLU
PSPVS_1359,PNG1359,,BLU,BLU
PSPVS_1365,PNG1365,,BLU,BLU
PSPVS_1367,PNG1367,,BLU,BLU
PSPVS_1371,PNG1371,,BLU,BLU
PSPVS_1379,PNG1379,,BLU,BLU
PSOKD_7049,not_available,GRN,,GRN
PSOKS_7084,not_available,GRN,,GRN
PSOSS_7161,not_available,GRN,,GRN
PSOSS_7168,not_available,GRN,,GRN
PSOSS_7171,not_available,GRN,,GRN
PSOSS_7173,not_available,GRN,,GRN
PSOSS_7177,not_available,GRN,,GRN
PSOSS_7178,not_available,GRN,,GRN
PSOSS_7185,not_available,GRN,,GRN
PSOSS_7186,not_available,GRN,,GRN
PSCHD_0062,DC0062,GRN,GRN,GRN
PSCHX_0313,DC0313,GRN,UGR,GRN
PSCFX_0508,DC0508,GRN,GRN,GRN
PSCFS_0583,DC0583,GRN,GRN,GRN
PSCFD_0637,DC0637,GRN,GRN,GRN
PSGAD_7607,DC7607,GRN,GRN,GRN
PSGAD_7633,DC7633,GRN,UGR,GRN
PSGUD_7712,DC7712,GRN,GRN,GRN
PSGUD_7713,DC7713,GRN,GRN,GRN
PSGUD_7714,DC7714,GRN,GRN,GRN
PSGUD_7715,DC7715,GRN,GRN,GRN
PSGUB_7773,DC7773,GRN,GRN,GRN
PSGYD_7841,DC7841,GRN,GRN,GRN
PSGYS_7863,DC7863,GRN,GRN,GRN
PSGTS_7918,DC7918,GRN,GRN,GRN
PSGTD_7949,DC7949,GRN,GRN,GRN
PSGSD_8017,DC8017,GRN,GRN,GRN
PSGDS_8072,DC8072,GRN,GRN,GRN
PSGDD_8080,DC8080,GRN,GRN,GRN
PSGDD_8089,DC8089,GRN,GRN,GRN
PSGDS_8102,DC8102,GRN,GRN,GRN
PSGDS_8104,DC8104,GRN,GRN,GRN
PSGDS_8116,DC8116,GRN,GRN,GRN
PSGDB_8132,DC8132,GRN,GRN,GRN
PSGRB_8224,DC8224,GRN,GRN,GRN
PSGRB_8225,DC8225,GRN,GRN,GRN
PSGRB_8233,DC8233,GRN,GRN,GRN
PSGRB_8237,DC8237,GRN,GRN,GRN
PSCBS_8277,DC8277,GRN,GRN,GRN
PSCBD_8304,DC8304,GRN,GRN,GRN
PSCBX_8317,DC8317,GRN,GRN,GRN
PSCBX_8329,DC8329,GRN,GRN,GRN
PSCBX_8335,DC8335,GRN,GRN,GRN
PSCYS_8355,DC8355,GRN,GRN,GRN
PSCYS_8358,DC8358,GRN,GRN,GRN
PSCYD_8384,DC8384,GRN,GRN,GRN
PSCYD_8389,DC8389,GRN,GRN,GRN
PSCYD_8403,DC8403,GRN,GRN,GRN
PSCYX_8405,DC8405,GRN,GRN,GRN
PSPGD_0957,PNG0957,GRN,GRN,GRN
PSPVS_1331,PNG1331,GRN,GRN,GRN
PSCBD_8299,not_available,GRN,,GRN
PSCBD_8306,not_available,GRN,,GRN
PSCBD_8308,not_available,GRN,,GRN
PSCBS_8271,not_available,GRN,,GRN
PSCFS_0440,not_available,GRN,,GRN
PSCFS_0445,not_available,GRN,,GRN
PSCFX_0509,not_available,GRN,,GRN
PSCOS_1834,not_available,GRN,,GRN
PSCYD_8390,not_available,GRN,,GRN
PSCYD_8398,not_available,GRN,,GRN
PSCYD_8402,not_available,GRN,,GRN
PSCYS_8363,not_available,GRN,,GRN
PSCYS_8368,not_available,GRN,,GRN
PSGAB_7653,not_available,GRN,,GRN
PSGAB_7666,not_available,GRN,,GRN
PSGAB_7668,not_available,GRN,,GRN
PSGAD_7603,not_available,GRN,,GRN
PSGAD_7605,not_available,GRN,,GRN
PSGAD_7606,not_available,GRN,,GRN
PSGAD_7608,not_available,GRN,,GRN
PSGAD_7611,not_available,GRN,,GRN
PSGAD_7625,not_available,GRN,,GRN
PSGAD_7626,not_available,GRN,,GRN
PSGAD_7627,not_available,GRN,,GRN
PSGAD_7638,not_available,GRN,,GRN
PSGDB_8150,not_available,GRN,,GRN
PSGDB_8154,not_available,GRN,,GRN
PSGDD_8082,not_available,GRN,,GRN
PSGDD_8084,not_available,GRN,,GRN
PSGDD_8091,not_available,GRN,,GRN
PSGDD_8093,not_available,GRN,,GRN
PSGDS_8064,not_available,GRN,,GRN
PSGDS_8106,not_available,GRN,,GRN
PSGDS_8117,not_available,GRN,,GRN
PSGGB_7969,not_available,GRN,,GRN
PSGMB_1104,not_available,GRN,,GRN
PSGMD_0768,not_available,GRN,,GRN
PSGMD_0946,not_available,GRN,,GRN
PSGRB_8218,not_available,GRN,,GRN
PSGRB_8226,not_available,GRN,,GRN
PSGRB_8227,not_available,GRN,,GRN
PSGRB_8230,not_available,GRN,,GRN
PSGRB_8231,not_available,GRN,,GRN
PSGRB_8232,not_available,GRN,,GRN
PSGRB_8234,not_available,GRN,,GRN
PSGRB_8235,not_available,GRN,,GRN
PSGRD_8172,not_available,GRN,,GRN
PSGRD_8175,not_available,GRN,,GRN
PSGRD_8176,not_available,GRN,,GRN
PSGRD_8182,not_available,GRN,,GRN
PSGRD_8190,not_available,GRN,,GRN
PSGSD_7994,not_available,GRN,,GRN
PSGSD_7998,not_available,GRN,,GRN
PSGSD_8002,not_available,GRN,,GRN
PSGSD_8008,not_available,GRN,,GRN
PSGTD_2739,not_available,GRN,,GRN
PSGTD_7936,not_available,GRN,,GRN
PSGTD_7942,not_available,GRN,,GRN
PSGTD_7943,not_available,GRN,,GRN
PSGTD_7947,not_available,GRN,,GRN
PSGTS_7912,not_available,GRN,,GRN
PSGTS_7914,not_available,GRN,,GRN
PSGUB_7770,not_available,GRN,,GRN
PSGUB_7774,not_available,GRN,,GRN
PSGUB_7779,not_available,GRN,,GRN
PSGUB_7784,not_available,GRN,,GRN
PSGUD_7699,not_available,GRN,,GRN
PSGUD_7700,not_available,GRN,,GRN
PSGUD_7701,not_available,GRN,,GRN
PSGUD_7702,not_available,GRN,,GRN
PSGUD_7703,not_available,GRN,,GRN
PSGUD_7705,not_available,GRN,,GRN
PSGUD_7706,not_available,GRN,,GRN
PSGUD_7707,not_available,GRN,,GRN
PSGUD_7708,not_available,GRN,,GRN
PSGUD_7709,not_available,GRN,,GRN
PSGUD_7711,not_available,GRN,,GRN
PSGUD_7716,not_available,GRN,,GRN
PSGUD_7717,not_available,GRN,,GRN
PSGYD_7826,not_available,GRN,,GRN
PSGYD_7827,not_available,GRN,,GRN
PSGYD_7838,not_available,GRN,,GRN
PSGYD_7839,not_available,GRN,,GRN
PSGYS_7879,not_available,GRN,,GRN
PSGYS_7888,not_available,GRN,,GRN
PSHSP_RM41,not_available,GRN,,GRN
PSPGD_0941,not_available,GRN,,GRN
PSPGD_0949,not_available,GRN,,GRN
PSPGD_0951,not_available,GRN,,GRN
PSPGS_1082,not_available,GRN,,GRN
PSPGS_1084,not_available,GRN,,GRN
PSPGS_1089,not_available,GRN,,GRN
PSPGS_1115,not_available,GRN,,GRN
PSPVD_1219,not_available,GRN,,GRN
PSPVD_1230,not_available,GRN,,GRN
PSPVD_1237,not_available,GRN,,GRN
PSPVD_1239,not_available,GRN,,GRN
PSPVD_1256,not_available,GRN,,GRN
PSPVD_1260,not_available,GRN,,GRN
PSPVD_1272,not_available,GRN,,GRN
PSPVS_1311,not_available,GRN,,GRN
PSPVS_1315,not_available,GRN,,GRN
PSPVS_1327,not_available,GRN,,GRN
PSPGS_1105,PNG1105,GRN,GRN,GRN
PSPVS_1297,not_available,GRN,,GRN
PSCHD_0037,DC0037,,GRN,GRN
PSCHD_0038,DC0038,,GRN,GRN
PSCHD_0058,DC0058,,GRN,GRN
PSCHD_0061,DC0061,,GRN,GRN
PSCHD_0063,DC0063,,GRN,GRN
PSCHD_0065,DC0065,,GRN,GRN
PSCHD_0066,DC0066,,GRN,GRN
PSCHD_0079,DC0079,,GRN,GRN
PSCHD_0200,DC0200,,GRN,GRN
PSCHD_0203,DC0203,,GRN,GRN
PSCHD_0204,DC0204,,GRN,GRN
PSCHD_0206,DC0206,,GRN,GRN
PSCHX_0268,DC0268,,GRN,GRN
PSCHD_0328,DC0328,,GRN,GRN
PSCFD_0392,DC0392,,GRN,GRN
PSCFD_0394,DC0394,,GRN,GRN
PSCFD_0395,DC0395,,GRN,GRN
PSCFD_0397,DC0397,,GRN,GRN
PSCFD_0408,DC0408,,GRN,GRN
PSCFS_0418,DC0418,,GRN,GRN
PSCFD_0458,DC0458,,GRN,GRN
PSCFD_0462,DC0462,,GRN,GRN
PSCFD_0467,DC0467,,GRN,GRN
PSCFD_0471,DC0471,,GRN,GRN
PSCFX_0506,DC0506,,GRN,GRN
PSCFD_0571,DC0571,,GRN,GRN
PSCFD_0574,DC0574,,GRN,GRN
PSCFD_0580,DC0580,,GRN,GRN
PSCFD_0643,DC0643,,GRN,GRN
PSCFD_0644,DC0644,,GRN,GRN
PSGMD_0765,DC0765,,GRN,GRN
PSGMD_0771,DC0771,,GRN,GRN
PSGMD_0783,DC0783,,GRN,GRN
PSGMD_0855,DC0855,,GRN,GRN
PSGMD_0857,DC0857,,GRN,GRN
PSGMD_1038,DC1038,,GRN,GRN
PSGMD_1053,DC1053,,GRN,GRN
PSGMD_1058,DC1058,,GRN,GRN
PSCVS_1262,DC1262,,GRN,GRN
PSCVD_1266,DC1266,,GRN,GRN
PSCVD_1267,DC1267,,GRN,GRN
PSCVD_1268,DC1268,,GRN,GRN
PSCVD_1269,DC1269,,GRN,GRN
PSCVD_1311,DC1311,,GRN,GRN
PSCVM_1332,DC1332,,GRN,GRN
PSCVM_1335,DC1335,,GRN,GRN
PSCVM_1336,DC1336,,GRN,GRN
PSCVD_1339,DC1339,,GRN,GRN
PSCVD_1341,DC1341,,GRN,GRN
PSCVD_1342,DC1342,,GRN,GRN
PSCVD_1349,DC1349,,GRN,GRN
PSCVD_1351,DC1351,,GRN,GRN
PSCVD_1355,DC1355,,GRN,GRN
PSCVS_1385,DC1385,,GRN,GRN
PSCVD_1394,DC1394,,GRN,GRN
PSCVD_1397,DC1397,,GRN,GRN
PSCVD_1398,DC1398,,GRN,GRN
PSCVD_1400,DC1400,,GRN,GRN
PSCVD_1401,DC1401,,GRN,GRN
PSCVD_1402,DC1402,,GRN,GRN
PSCVX_1412,DC1412,,GRN,GRN
PSCVD_1427,DC1427,,GRN,GRN
PSCVD_1428,DC1428,,GRN,GRN
PSCVM_1432,DC1432,,GRN,GRN
PSCVS_1448,DC1448,,GRN,GRN
PSCVS_1455,DC1455,,GRN,GRN
PSCVS_1456,DC1456,,GRN,GRN
PSCVD_1486,DC1486,,GRN,GRN
PSCVS_1540,DC1540,,GRN,GRN
PSCVS_1547,DC1547,,GRN,GRN
PSCVS_1556,DC1556,,GRN,GRN
PSCVS_1562,DC1562,,GRN,GRN
PSCVX_1621,DC1621,,GRN,GRN
PSCVX_1622,DC1622,,GRN,GRN
PSCVX_1623,DC1623,,GRN,GRN
PSCOS_1633,DC1633,,GRN,GRN
PSCOS_1638,DC1638,,GRN,GRN
PSCOM_1682,DC1682,,GRN,GRN
PSCOD_1688,DC1688,,GRN,GRN
PSCOD_1689,DC1689,,GRN,GRN
PSCOD_1690,DC1690,,GRN,GRN
PSCOD_1691,DC1691,,GRN,GRN
PSCOD_1692,DC1692,,GRN,GRN
PSCOD_1696,DC1696,,GRN,GRN
PSCOD_1697,DC1697,,GRN,GRN
PSCOS_1715,DC1715,,GRN,GRN
PSCOS_1723,DC1723,,GRN,GRN
PSCOS_1761,DC1761,,GRN,GRN
PSCOM_1778,DC1778,,GRN,GRN
PSCOM_1780,DC1780,,GRN,GRN
PSCOD_1816,DC1816,,GRN,GRN
PSCOD_1817,DC1817,,GRN,GRN
PSCOD_1818,DC1818,,GRN,GRN
PSCOD_1878,DC1878,,GRN,GRN
PSCOD_1882,DC1882,,GRN,GRN
PSCOD_1883,DC1883,,GRN,GRN
PSCOD_1887,DC1887,,GRN,GRN
PSCOD_1890,DC1890,,GRN,GRN
PSCOD_1931,DC1931,,GRN,GRN
PSCOX_1964,DC1964,,GRN,GRN
PSCYD_2037,DC2037,,GRN,GRN
PSCYD_2039,DC2039,,GRN,GRN
PSCYD_2057,DC2057,,GRN,GRN
PSCYD_2060,DC2060,,GRN,GRN
PSCYD_2061,DC2061,,GRN,GRN
PSCYS_2067,DC2067,,GRN,GRN
PSCYD_2079,DC2079,,GRN,GRN
PSCYD_2080,DC2080,,GRN,GRN
PSCYD_2083,DC2083,,GRN,GRN
PSCYD_2085,DC2085,,GRN,GRN
PSCYD_2086,DC2086,,GRN,GRN
PSCYD_2088,DC2088,,GRN,GRN
PSCYD_2090,DC2090,,GRN,GRN
PSCYD_2095,DC2095,,GRN,GRN
PSCYD_2096,DC2096,,GRN,GRN
PSCYD_2099,DC2099,,GRN,GRN
PSCYD_2100,DC2100,,GRN,GRN
PSCYD_2105,DC2105,,GRN,GRN
PSCYD_2106,DC2106,,GRN,GRN
PSCYS_2125,DC2125,,GRN,GRN
PSCYS_2128,DC2128,,GRN,GRN
PSCYM_2177,DC2177,,GRN,GRN
PSCYM_2178,DC2178,,GRN,GRN
PSCYM_2180,DC2180,,GRN,GRN
PSCYM_2182,DC2182,,GRN,GRN
PSCYS_2220,DC2220,,GRN,GRN
PSCYS_2221,DC2221,,GRN,GRN
PSCYS_2368,DC2368,,GRN,GRN
PSCYS_2374,DC2374,,GRN,GRN
PSCYS_2375,DC2375,,GRN,GRN
PSCYS_2379,DC2379,,GRN,GRN
PSGGD_2464,DC2464,,GRN,GRN
PSGGD_2467,DC2467,,GRN,GRN
PSGGD_2468,DC2468,,GRN,GRN
PSGGD_2481,DC2481,,GRN,GRN
PSGGD_2492,DC2492,,GRN,GRN
PSGGD_2588,DC2588,,GRN,GRN
PSGGD_2589,DC2589,,GRN,GRN
PSGGD_2590,DC2590,,GRN,GRN
PSGGD_2592,DC2592,,GRN,GRN
PSGGD_2594,DC2594,,GRN,GRN
PSGGD_2596,DC2596,,GRN,GRN
PSGGD_2597,DC2597,,GRN,GRN
PSGTD_2735,DC2735,,GRN,GRN
PSGTD_2740,DC2740,,GRN,GRN
PSGTD_2742,DC2742,,GRN,GRN
PSGTD_2744,DC2744,,GRN,GRN
PSGTD_2746,DC2746,,GRN,GRN
PSGTM_2794,DC2794,,GRN,GRN
PSGTM_2795,DC2795,,GRN,GRN
PSGTS_2827,DC2827,,GRN,GRN
PSGTS_2833,DC2833,,GRN,GRN
PSGTD_2877,DC2877,,GRN,GRN
PSGTD_2878,DC2878,,GRN,GRN
PSGTD_2880,DC2880,,GRN,GRN
PSGTD_2881,DC2881,,GRN,GRN
PSGTD_2882,DC2882,,GRN,GRN
PSGTD_2883,DC2883,,GRN,GRN
PSGTD_2884,DC2884,,GRN,GRN
PSGTD_2885,DC2885,,GRN,GRN
PSGTD_2887,DC2887,,GRN,GRN
PSGTM_2899,DC2899,,GRN,GRN
PSGTM_2908,DC2908,,GRN,GRN
PSGTS_2921,DC2921,,GRN,GRN
PSGTS_2923,DC2923,,GRN,GRN
PSGTD_2927,DC2927,,GRN,GRN
PSGTD_2928,DC2928,,GRN,GRN
PSGTD_2930,DC2930,,GRN,GRN
PSGTD_2934,DC2934,,GRN,GRN
PSGTD_2935,DC2935,,GRN,GRN
PSGTD_2957,DC2957,,GRN,GRN
PSGTM_2960,DC2960,,GRN,GRN
PSGTM_2962,DC2962,,GRN,GRN
PSGTM_2966,DC2966,,GRN,GRN
PSGTD_2993,DC2993,,GRN,GRN
PSGTS_3019,DC3019,,GRN,GRN
PSCOM_7449,DC7449,,GRN,GRN
PSCOM_7450,DC7450,,GRN,GRN
PSCOM_7451,DC7451,,GRN,GRN
PSCOM_7452,DC7452,,GRN,GRN
PSCYX_7459,DC7459,,GRN,GRN
PSCVX_7495,DC7495,,GRN,GRN
PSCVX_7499,DC7499,,GRN,GRN
PSCVX_7501,DC7501,,GRN,GRN
PSCVX_7503,DC7503,,GRN,GRN
PSGAD_7602,DC7602,,GRN,GRN
PSGAD_7612,DC7612,,GRN,GRN
PSGAD_7613,DC7613,,GRN,GRN
PSGAD_7616,DC7616,,GRN,GRN
PSGAD_7621,DC7621,,GRN,GRN
PSGAD_7624,DC7624,,GRN,GRN
PSGAD_7628,DC7628,,GRN,GRN
PSGAD_7630,DC7630,,GRN,GRN
PSGAD_7631,DC7631,,GRN,GRN
PSGAD_7634,DC7634,,GRN,GRN
PSGAD_7635,DC7635,,GRN,GRN
PSGAD_7636,DC7636,,GRN,GRN
PSGAD_7637,DC7637,,GRN,GRN
PSGAD_7639,DC7639,,GRN,GRN
PSGAD_7640,DC7640,,GRN,GRN
PSGAD_7641,DC7641,,GRN,GRN
PSGAD_7642,DC7642,,GRN,GRN
PSGAD_7643,DC7643,,GRN,GRN
PSGAB_7664,DC7664,,GRN,GRN
PSGAB_7669,DC7669,,GRN,GRN
PSGAB_7672,DC7672,,GRN,GRN
PSGUD_7718,DC7718,,GRN,GRN
PSGUB_7785,DC7785,,GRN,GRN
PSGYD_7811,DC7811,,GRN,GRN
PSGYD_7813,DC7813,,GRN,GRN
PSGYD_7820,DC7820,,GRN,GRN
PSGYD_7821,DC7821,,GRN,GRN
PSGYD_7823,DC7823,,GRN,GRN
PSGYD_7824,DC7824,,GRN,GRN
PSGYD_7830,DC7830,,GRN,GRN
PSGYD_7842,DC7842,,GRN,GRN
PSGYD_7846,DC7846,,GRN,GRN
PSGYD_7848,DC7848,,GRN,GRN
PSGYD_7849,DC7849,,GRN,GRN
PSGYD_7854,DC7854,,GRN,GRN
PSGTS_7899,DC7899,,GRN,GRN
PSGTS_7909,DC7909,,GRN,GRN
PSGTS_7910,DC7910,,GRN,GRN
PSGTS_7915,DC7915,,GRN,GRN
PSGTS_7922,DC7922,,GRN,GRN
PSGTD_7927,DC7927,,GRN,GRN
PSGTD_7929,DC7929,,GRN,GRN
PSGTD_7930,DC7930,,GRN,GRN
PSGTD_7934,DC7934,,GRN,GRN
PSGTD_7951,DC7951,,GRN,GRN
PSGTD_7953,DC7953,,GRN,GRN
PSGGB_7963,DC7963,,GRN,GRN
PSGSD_7990,DC7990,,GRN,GRN
PSGSD_7993,DC7993,,GRN,GRN
PSGSD_8006,DC8006,,GRN,GRN
PSGSD_8013,DC8013,,GRN,GRN
PSGSD_8018,DC8018,,GRN,GRN
PSGSD_8020,DC8020,,GRN,GRN
PSGSD_8027,DC8027,,GRN,GRN
PSGSD_8028,DC8028,,GRN,GRN
PSGSS_8030,DC8030,,GRN,GRN
PSGSB_8063,DC8063,,GRN,GRN
PSGDD_8078,DC8078,,GRN,GRN
PSGDD_8096,DC8096,,GRN,GRN
PSGDS_8100,DC8100,,GRN,GRN
PSGDB_8134,DC8134,,GRN,GRN
PSGDB_8141,DC8141,,GRN,GRN
PSGDB_8152,DC8152,,GRN,GRN
PSGDB_8159,DC8159,,GRN,GRN
PSGRD_8187,DC8187,,GRN,GRN
PSGRD_8194,DC8194,,GRN,GRN
PSGRD_8195,DC8195,,GRN,GRN
PSGRD_8199,DC8199,,GRN,GRN
PSGRD_8209,DC8209,,GRN,GRN
PSGRD_8214,DC8214,,GRN,GRN
PSGRD_8217,DC8217,,GRN,GRN
PSGRB_8221,DC8221,,GRN,GRN
PSGRB_8236,DC8236,,GRN,GRN
PSCBD_8293,DC8293,,GRN,GRN
PSCBD_8305,DC8305,,GRN,GRN
PSCBX_8330,DC8330,,GRN,GRN
PSCBX_8338,DC8338,,GRN,GRN
PSCYS_8351,DC8351,,GRN,GRN
PSCYS_8354,DC8354,,GRN,GRN
PSCYS_8365,DC8365,,GRN,GRN
PSCYD_8376,DC8376,,GRN,GRN
PSCYD_8383,DC8383,,GRN,GRN
PSCYD_8385,DC8385,,GRN,GRN
PSCYD_8386,DC8386,,GRN,GRN
PSCYD_8392,DC8392,,GRN,GRN
PSCYD_8397,DC8397,,GRN,GRN
PSGTS_8744,DC8744,,GRN,GRN
PSGTS_8745,DC8745,,GRN,GRN
PSGTS_8746,DC8746,,GRN,GRN
PSGTS_8747,DC8747,,GRN,GRN
PSGTS_8748,DC8748,,GRN,GRN
PSGTD_8750,DC8750,,GRN,GRN
PSGTD_8751,DC8751,,GRN,GRN
PSGTD_8752,DC8752,,GRN,GRN
PSGTD_8753,DC8753,,GRN,GRN
PSGTD_8754,DC8754,,GRN,GRN
PSGTD_8757,DC8757,,GRN,GRN
PSGGD_8768,DC8768,,GRN,GRN
PSGGD_8769,DC8769,,GRN,GRN
PSGID_8788,DC8788,,GRN,GRN
PSGID_8789,DC8789,,GRN,GRN
PSGID_8790,DC8790,,GRN,GRN
PSGIM_8793,DC8793,,GRN,GRN
PSGIM_8794,DC8794,,GRN,GRN
PSGIM_8795,DC8795,,GRN,GRN
PSGIM_8797,DC8797,,GRN,GRN
PSGIM_8799,DC8799,,GRN,GRN
PSCZS_8908,DC8908,,GRN,GRN
PSCZD_8911,DC8911,,GRN,GRN
PSCZD_8924,DC8924,,GRN,GRN
PSCZD_8925,DC8925,,GRN,GRN
PSCZD_8928,DC8928,,GRN,GRN
PSCZD_8929,DC8929,,GRN,GRN
PSCZD_8930,DC8930,,GRN,GRN
PSCZD_8931,DC8931,,GRN,GRN
PSCZS_8942,DC8942,,GRN,GRN
PSCZS_8943,DC8943,,GRN,GRN
PSCHD_9005,DC9005,,GRN,GRN
PSCHD_9006,DC9006,,GRN,GRN
PSCHD_9007,DC9007,,GRN,GRN
PSCHD_9008,DC9008,,GRN,GRN
PSCYD_9019,DC9019,,GRN,GRN
PSCYD_9020,DC9020,,GRN,GRN
PSCYD_9021,DC9021,,GRN,GRN
PSCYD_9022,DC9022,,GRN,GRN
PSCYD_9023,DC9023,,GRN,GRN
PSCYD_9024,DC9024,,GRN,GRN
PSCYD_9025,DC9025,,GRN,GRN
PSCYD_9026,DC9026,,GRN,GRN
PSCYD_9030,DC9030,,GRN,GRN
PSCYD_9033,DC9033,,GRN,GRN
PSCYD_9034,DC9034,,GRN,GRN
PSCYD_9044,DC9044,,GRN,GRN
PSCYD_9045,DC9045,,GRN,GRN
PSCYD_9050,DC9050,,GRN,GRN
PSCYD_9052,DC9052,,GRN,GRN
PSCYD_9056,DC9056,,GRN,GRN
PSCYD_9058,DC9058,,GRN,GRN
PSCYD_9062,DC9062,,GRN,GRN
PSCZD_9070,DC9070,,GRN,GRN
PSCZD_9071,DC9071,,GRN,GRN
PSCZD_9074,DC9074,,GRN,GRN
PSCZD_9075,DC9075,,GRN,GRN
PSCZD_9076,DC9076,,GRN,GRN
PSCZD_9077,DC9077,,GRN,GRN
PSCZD_9079,DC9079,,GRN,GRN
PSCZD_9085,DC9085,,GRN,GRN
PSCVD_9095,DC9095,,GRN,GRN
PSGBS_9129,DC9129,,GRN,GRN
PSGBS_9133,DC9133,,GRN,GRN
PSGBS_9134,DC9134,,GRN,GRN
PSGBS_9136,DC9136,,GRN,GRN
PSGBS_9140,DC9140,,GRN,GRN
PSGOB_9153,DC9153,,GRN,GRN
PSGOB_9155,DC9155,,GRN,GRN
PSGOB_9158,DC9158,,GRN,GRN
PSGOB_9161,DC9161,,GRN,GRN
PSGOB_9165,DC9165,,GRN,GRN
PSGOB_9167,DC9167,,GRN,GRN
PSGOB_9168,DC9168,,GRN,GRN
PSGOB_9169,DC9169,,GRN,GRN
PSGOB_9170,DC9170,,GRN,GRN
PSGOB_9171,DC9171,,GRN,GRN
PSGOB_9172,DC9172,,GRN,GRN
PSGOB_9173,DC9173,,GRN,GRN
PSGOB_9176,DC9176,,GRN,GRN
PSGOB_9177,DC9177,,GRN,GRN
PSGOB_9178,DC9178,,GRN,GRN
PSGOB_9182,DC9182,,GRN,GRN
PSGOB_9184,DC9184,,GRN,GRN
PSGOB_9185,DC9185,,GRN,GRN
PSGOB_9189,DC9189,,GRN,GRN
PSGOB_9195,DC9195,,GRN,GRN
PSGOB_9196,DC9196,,GRN,GRN
PSGOB_9197,DC9197,,GRN,GRN
PSGOB_9198,DC9198,,GRN,GRN
PSGOB_9199,DC9199,,GRN,GRN
PSGOB_9202,DC9202,,GRN,GRN
PSGOB_9203,DC9203,,GRN,GRN
PSGOS_9205,DC9205,,GRN,GRN
PSPGD_0943,PNG0943,,GRN,GRN
PSPGD_0945,PNG0945,,GRN,GRN
PSPGD_0963,PNG0963,,GRN,GRN
PSPGD_0966,PNG0966,,GRN,GRN
PSPGD_0982,PNG0982,,GRN,GRN
PSPGD_0985,PNG0985,,GRN,GRN
PSPGD_0989,PNG0989,,GRN,GRN
PSPGD_0993,PNG0993,,GRN,GRN
PSPGD_0998,PNG0998,,GRN,GRN
PSPGD_1001,PNG1001,,GRN,GRN
PSPGD_1006,PNG1006,,GRN,GRN
PSPGD_1008,PNG1008,,GRN,GRN
PSPGD_1014,PNG1014,,GRN,GRN
PSPGD_1027,PNG1027,,GRN,GRN
PSPGD_1033,PNG1033,,GRN,GRN
PSPGD_1045,PNG1045,,GRN,GRN
PSPGS_1047,PNG1047,,GRN,GRN
PSPGS_1051,PNG1051,,GRN,GRN
PSPGS_1055,PNG1055,,GRN,GRN
PSPGS_1061,PNG1061,,GRN,GRN
PSPGS_1063,PNG1063,,GRN,GRN
PSPGS_1073,PNG1073,,GRN,GRN
PSPGS_1079,PNG1079,,GRN,GRN
PSPGS_1091,PNG1091,,GRN,GRN
PSPGS_1093,PNG1093,,GRN,GRN
PSPGS_1109,PNG1109,,GRN,GRN
PSPGS_1119,PNG1119,,GRN,GRN
PSPGS_1121,PNG1121,,GRN,GRN
PSPGS_1123,PNG1123,,GRN,GRN
PSPVD_1221,PNG1221,,GRN,GRN
PSPVD_1227,PNG1227,,GRN,GRN
PSPVD_1232,PNG1232,,GRN,GRN
PSPVD_1241,PNG1241,,GRN,GRN
PSPVD_1258,PNG1258,,GRN,GRN
PSPVD_1262,PNG1262,,GRN,GRN
PSPVD_1276,PNG1276,,GRN,GRN
PSPVD_1278,PNG1278,,GRN,GRN
PSPVD_1280,PNG1280,,GRN,GRN
PSPVD_1282,PNG1282,,GRN,GRN
PSPVD_1287,PNG1287,,GRN,GRN
PSPVD_1295,PNG1295,,GRN,GRN
PSPVS_1301,PNG1301,,GRN,GRN
PSPVS_1305,PNG1305,,GRN,GRN
PSPVS_1313,PNG1313,,GRN,GRN
PSPVS_1325,PNG1325,,GRN,GRN
PSPVS_1329,PNG1329,,GRN,GRN
PSPVS_1338,PNG1338,,GRN,GRN
PSPVS_1351,PNG1351,,GRN,GRN
PSPVS_1355,PNG1355,,GRN,GRN
PSPVS_1361,PNG1361,,GRN,GRN
PSPVS_1363,PNG1363,,GRN,GRN
PSPVS_1373,PNG1373,,GRN,GRN
PSPVS_1375,PNG1375,,GRN,GRN
PSPVS_1377,PNG1377,,GRN,GRN
PSRDD_0019,not_available,ISR,,ISR
PSRDD_0025,not_available,ISR,,ISR
PSRDD_0026,not_available,ISR,,ISR
PSRDD_0027,not_available,ISR,,ISR
PSRDD_0028,not_available,ISR,,ISR
PSRDD_0029,not_available,ISR,,ISR
PSRDD_0031,not_available,ISR,,ISR
PSRDD_0032,not_available,ISR,,ISR
PSRDD_0034,not_available,ISR,,ISR
PSRDD_0036,not_available,ISR,,ISR
PSRUD_0001,not_available,ISR,,ISR
PSRUD_0004,not_available,ISR,,ISR
PSRUD_0006,not_available,ISR,,ISR
PSRUD_0007,not_available,ISR,,ISR
PSRUD_0009,not_available,ISR,,ISR
PSRUD_0011,not_available,ISR,,ISR
PSRUD_0043,not_available,ISR,,ISR
PSRUD_0044,not_available,ISR,,ISR
PSRUD_0047,not_available,ISR,,ISR
PSRUD_0275,not_available,ISR,,ISR
PSCHX_0314,DC0314,RED,RED,RED
PSCFS_0439,DC0439,RED,RED,RED
PSCFS_0584,DC0584,RED,RED,RED
PSCFX_0658,DC0658,RED,RED,RED
PSCOS_1711,DC1711,RED,RED,RED
PSGAD_7614,DC7614,RED,UGR,RED
PSGAB_7658,DC7658,RED,RED,RED
PSGAB_7659,DC7659,RED,RED,RED
PSGYD_7840,DC7840,RED,RED,RED
PSGYS_7864,DC7864,RED,RED,RED
PSGYS_7866,DC7866,RED,RED,RED
PSGYS_7868,DC7868,RED,RED,RED
PSGTS_7908,DC7908,RED,RED,RED
PSGTS_7911,DC7911,RED,RED,RED
PSGGB_7959,DC7959,RED,RED,RED
PSGGB_7970,DC7970,RED,RED,RED
PSGGB_7972,DC7972,RED,RED,RED
PSGGB_7973,DC7973,RED,UBR,RED
PSGSB_8046,DC8046,RED,RED,RED
PSGDD_8076,DC8076,RED,RED,RED
PSGDD_8081,DC8081,RED,RED,RED
PSGDB_8133,DC8133,RED,UGR,RED
PSGDB_8136,DC8136,RED,UBR,RED
PSGRD_8191,DC8191,RED,RED,RED
PSGRD_8196,DC8196,RED,RED,RED
PSCBS_8283,DC8283,RED,UBR,RED
PSCBS_8284,DC8284,RED,RED,RED
PSCBD_8298,DC8298,RED,RED,RED
PSCYS_8359,DC8359,RED,RED,RED
PSCYS_8362,DC8362,RED,RED,RED
PSCYS_8366,DC8366,RED,RED,RED
PSCYD_8381,DC8381,RED,RED,RED
PSCYD_8401,DC8401,RED,RED,RED
PSPGS_1113,PNG1113,RED,RED,RED
PSCBS_8273,not_available,RED,,RED
PSCFS_0444,not_available,RED,,RED
PSCOS_1759,not_available,RED,,RED
PSCYS_8356,not_available,RED,,RED
PSGAB_7645,not_available,RED,,RED
PSGAB_7646,not_available,RED,,RED
PSGAB_7647,not_available,RED,,RED
PSGAB_7648,not_available,RED,,RED
PSGAB_7649,not_available,RED,,RED
PSGAB_7651,not_available,RED,,RED
PSGAB_7652,not_available,RED,,RED
PSGAB_7655,not_available,RED,,RED
PSGAB_7656,not_available,RED,,RED
PSGAB_7657,not_available,RED,,RED
PSGDB_8138,not_available,RED,,RED
PSGDB_8140,not_available,RED,,RED
PSGDB_8142,not_available,RED,,RED
PSGDB_8144,not_available,RED,,RED
PSGDB_8148,not_available,RED,,RED
PSGDB_8156,not_available,RED,,RED
PSGDB_8161,not_available,RED,,RED
PSGDB_8162,not_available,RED,,RED
PSGDB_8163,not_available,RED,,RED
PSGDD_8086,not_available,RED,,RED
PSGDS_8069,not_available,RED,,RED
PSGDS_8113,not_available,RED,,RED
PSGGB_7955,not_available,RED,,RED
PSGGB_7956,not_available,RED,,RED
PSGGB_7957,not_available,RED,,RED
PSGGB_7960,not_available,RED,,RED
PSGGB_7961,not_available,RED,,RED
PSGGB_7964,not_available,RED,,RED
PSGGB_7966,not_available,RED,,RED
PSGGB_7971,not_available,RED,,RED
PSGMB_1105,not_available,RED,,RED
PSGMB_1109,not_available,RED,,RED
PSGMD_0766,not_available,RED,,RED
PSGMD_1057,not_available,RED,,RED
PSGRB_8222,not_available,RED,,RED
PSGRB_8223,not_available,RED,,RED
PSGRB_8238,not_available,RED,,RED
PSGRD_8198,not_available,RED,,RED
PSGSB_8041,not_available,RED,,RED
PSGSB_8042,not_available,RED,,RED
PSGSB_8044,not_available,RED,,RED
PSGSB_8048,not_available,RED,,RED
PSGSB_8049,not_available,RED,,RED
PSGSB_8053,not_available,RED,,RED
PSGSB_8054,not_available,RED,,RED
PSGSB_8055,not_available,RED,,RED
PSGSB_8056,not_available,RED,,RED
PSGSB_8057,not_available,RED,,RED
PSGSB_8059,not_available,RED,,RED
PSGSD_8016,not_available,RED,,RED
PSGTD_7933,not_available,RED,,RED
PSGTD_7935,not_available,RED,,RED
PSGTS_7897,not_available,RED,,RED
PSGTS_7901,not_available,RED,,RED
PSGTS_7916,not_available,RED,,RED
PSGUB_7765,not_available,RED,,RED
PSGUB_7768,not_available,RED,,RED
PSGUB_7769,not_available,RED,,RED
PSGUB_7771,not_available,RED,,RED
PSGUB_7775,not_available,RED,,RED
PSGUB_7776,not_available,RED,,RED
PSGUB_7788,not_available,RED,,RED
PSGYD_7835,not_available,RED,,RED
PSGYS_7876,not_available,RED,,RED
PSGYS_7883,not_available,RED,,RED
PSGYS_7886,not_available,RED,,RED
PSGYS_7889,not_available,RED,,RED
PSPGD_1025,not_available,RED,,RED
PSPVS_1323,not_available,RED,,RED
PSCHS_0029,DC0029,,RED,RED
PSCHD_0036,DC0036,,RED,RED
PSCHS_0043,DC0043,,RED,RED
PSCHD_0060,DC0060,,RED,RED
PSCHD_0064,DC0064,,RED,RED
PSCHD_0081,DC0081,,RED,RED
PSCHS_0092,DC0092,,RED,RED
PSCHS_0094,DC0094,,RED,RED
PSCHS_0146,DC0146,,RED,RED
PSCHD_0202,DC0202,,RED,RED
PSCHD_0207,DC0207,,RED,RED
PSCHD_0209,DC0209,,RED,RED
PSCHD_0210,DC0210,,RED,RED
PSCHD_0211,DC0211,,RED,RED
PSCHD_0213,DC0213,,RED,RED
PSCHD_0214,DC0214,,RED,RED
PSCHD_0215,DC0215,,RED,RED
PSCHD_0216,DC0216,,RED,RED
PSCHD_0218,DC0218,,RED,RED
PSCHD_0219,DC0219,,RED,RED
PSCHD_0236,DC0236,,RED,RED
PSCHD_0247,DC0247,,RED,RED
PSCHS_0277,DC0277,,RED,RED
PSCHS_0278,DC0278,,RED,RED
PSCFD_0398,DC0398,,RED,RED
PSCFD_0407,DC0407,,RED,RED
PSCFS_0441,DC0441,,RED,RED
PSCFS_0443,DC0443,,RED,RED
PSCFD_0456,DC0456,,RED,RED
PSCFD_0457,DC0457,,RED,RED
PSCFD_0459,DC0459,,RED,RED
PSCFD_0460,DC0460,,RED,RED
PSCFD_0464,DC0464,,RED,RED
PSCFD_0472,DC0472,,RED,RED
PSCFD_0474,DC0474,,RED,RED
PSGMD_0777,DC0777,,RED,RED
PSGMD_1052,DC1052,,RED,RED
PSGMD_1056,DC1056,,RED,RED
PSGMB_1060,DC1060,,RED,RED
PSGMB_1067,DC1067,,RED,RED
PSCVS_1261,DC1261,,RED,RED
PSCVM_1331,DC1331,,RED,RED
PSCVM_1333,DC1333,,RED,RED
PSCVM_1334,DC1334,,RED,RED
PSCVS_1377,DC1377,,RED,RED
PSCVS_1378,DC1378,,RED,RED
PSCVS_1387,DC1387,,RED,RED
PSCVS_1388,DC1388,,RED,RED
PSCVD_1403,DC1403,,RED,RED
PSCVS_1435,DC1435,,RED,RED
PSCVS_1442,DC1442,,RED,RED
PSCVS_1444,DC1444,,RED,RED
PSCVS_1445,DC1445,,RED,RED
PSCVS_1446,DC1446,,RED,RED
PSCVS_1447,DC1447,,RED,RED
PSCVS_1449,DC1449,,RED,RED
PSCVS_1465,DC1465,,RED,RED
PSCVS_1517,DC1517,,RED,RED
PSCVS_1537,DC1537,,RED,RED
PSCVS_1539,DC1539,,RED,RED
PSCVS_1548,DC1548,,RED,RED
PSCVS_1550,DC1550,,RED,RED
PSCVS_1555,DC1555,,RED,RED
PSCVS_1557,DC1557,,RED,RED
PSCVS_1559,DC1559,,RED,RED
PSCVS_1560,DC1560,,RED,RED
PSCVS_1561,DC1561,,RED,RED
PSCVS_1563,DC1563,,RED,RED
PSCOS_1632,DC1632,,RED,RED
PSCOS_1634,DC1634,,RED,RED
PSCOS_1636,DC1636,,RED,RED
PSCOS_1637,DC1637,,RED,RED
PSCOD_1684,DC1684,,RED,RED
PSCOD_1685,DC1685,,RED,RED
PSCOD_1687,DC1687,,RED,RED
PSCOD_1695,DC1695,,RED,RED
PSCOS_1706,DC1706,,RED,RED
PSCOS_1708,DC1708,,RED,RED
PSCOS_1710,DC1710,,RED,RED
PSCOS_1712,DC1712,,RED,RED
PSCOS_1713,DC1713,,RED,RED
PSCOS_1714,DC1714,,RED,RED
PSCOS_1717,DC1717,,RED,RED
PSCOS_1718,DC1718,,RED,RED
PSCOS_1719,DC1719,,RED,RED
PSCOS_1721,DC1721,,RED,RED
PSCOS_1758,DC1758,,RED,RED
PSCOS_1760,DC1760,,RED,RED
PSCOD_1772,DC1772,,RED,RED
PSCOM_1777,DC1777,,RED,RED
PSCOM_1779,DC1779,,RED,RED
PSCOM_1781,DC1781,,RED,RED
PSCOS_1788,DC1788,,RED,RED
PSCOS_1789,DC1789,,RED,RED
PSCOS_1792,DC1792,,RED,RED
PSCOS_1793,DC1793,,RED,RED
PSCOS_1794,DC1794,,RED,RED
PSCOS_1795,DC1795,,RED,RED
PSCOS_1832,DC1832,,RED,RED
PSCOS_1833,DC1833,,RED,RED
PSCOD_1876,DC1876,,RED,RED
PSCOD_1885,DC1885,,RED,RED
PSCOM_1950,DC1950,,RED,RED
PSCYD_2049,DC2049,,RED,RED
PSCYD_2054,DC2054,,RED,RED
PSCYS_2066,DC2066,,RED,RED
PSCYD_2089,DC2089,,RED,RED
PSCYD_2101,DC2101,,RED,RED
PSCYD_2103,DC2103,,RED,RED
PSCYS_2127,DC2127,,RED,RED
PSCYS_2130,DC2130,,RED,RED
PSCYM_2176,DC2176,,RED,RED
PSCYM_2181,DC2181,,RED,RED
PSCYS_2219,DC2219,,RED,RED
PSCYS_2223,DC2223,,RED,RED
PSCYS_2241,DC2241,,RED,RED
PSCYS_2370,DC2370,,RED,RED
PSCYS_2372,DC2372,,RED,RED
PSCYS_2376,DC2376,,RED,RED
PSCYS_2377,DC2377,,RED,RED
PSGGD_2465,DC2465,,RED,RED
PSGGD_2466,DC2466,,RED,RED
PSGGD_2469,DC2469,,RED,RED
PSGGD_2591,DC2591,,RED,RED
PSGGD_2593,DC2593,,RED,RED
PSGGD_2598,DC2598,,RED,RED
PSGGD_2602,DC2602,,RED,RED
PSGGD_2603,DC2603,,RED,RED
PSGGS_2727,DC2727,,RED,RED
PSGGS_2729,DC2729,,RED,RED
PSGTD_2738,DC2738,,RED,RED
PSGTD_2745,DC2745,,RED,RED
PSGTS_2830,DC2830,,RED,RED
PSGTS_2831,DC2831,,RED,RED
PSGTS_2834,DC2834,,RED,RED
PSGTS_2836,DC2836,,RED,RED
PSGTS_2837,DC2837,,RED,RED
PSGTD_2879,DC2879,,RED,RED
PSGTM_2909,DC2909,,RED,RED
PSGTS_2920,DC2920,,RED,RED
PSGTD_2932,DC2932,,RED,RED
PSGTM_2963,DC2963,,RED,RED
PSGTM_2967,DC2967,,RED,RED
PSGTS_2998,DC2998,,RED,RED
PSGTS_2999,DC2999,,RED,RED
PSGTS_3051,DC3051,,RED,RED
PSGTS_3052,DC3052,,RED,RED
PSCOM_7453,DC7453,,RED,RED
PSCOM_7454,DC7454,,RED,RED
PSGAB_7660,DC7660,,RED,RED
PSGAB_7661,DC7661,,RED,RED
PSGAB_7663,DC7663,,RED,RED
PSGAB_7670,DC7670,,RED,RED
PSGAB_7671,DC7671,,RED,RED
PSGAB_7673,DC7673,,RED,RED
PSGUD_7704,DC7704,,RED,RED
PSGUS_7720,DC7720,,RED,RED
PSGUS_7721,DC7721,,RED,RED
PSGUB_7767,DC7767,,RED,RED
PSGUB_7782,DC7782,,RED,RED
PSGUB_7786,DC7786,,RED,RED
PSGUB_7787,DC7787,,RED,RED
PSGYD_7825,DC7825,,RED,RED
PSGYD_7831,DC7831,,RED,RED
PSGYD_7843,DC7843,,RED,RED
PSGYD_7853,DC7853,,RED,RED
PSGYS_7865,DC7865,,RED,RED
PSGYS_7885,DC7885,,RED,RED
PSGYS_7891,DC7891,,RED,RED
PSGTS_7898,DC7898,,RED,RED
PSGTS_7906,DC7906,,RED,RED
PSGTS_7907,DC7907,,RED,RED
PSGTS_7925,DC7925,,RED,RED
PSGTD_7931,DC7931,,RED,RED
PSGTD_7932,DC7932,,RED,RED
PSGTD_7944,DC7944,,RED,RED
PSGGB_7974,DC7974,,RED,RED
PSGSD_8001,DC8001,,RED,RED
PSGSD_8003,DC8003,,RED,RED
PSGSD_8010,DC8010,,RED,RED
PSGSD_8025,DC8025,,RED,RED
PSGSB_8040,DC8040,,RED,RED
PSGSB_8060,DC8060,,RED,RED
PSGDS_8065,DC8065,,RED,RED
PSGDB_8135,DC8135,,RED,RED
PSGDB_8139,DC8139,,RED,RED
PSGDB_8149,DC8149,,RED,RED
PSGDB_8151,DC8151,,RED,RED
PSGDB_8153,DC8153,,RED,RED
PSGDB_8155,DC8155,,RED,RED
PSGDB_8157,DC8157,,RED,RED
PSGDB_8164,DC8164,,RED,RED
PSGDB_8165,DC8165,,RED,RED
PSGDB_8166,DC8166,,RED,RED
PSGDB_8167,DC8167,,RED,RED
PSGDB_8168,DC8168,,RED,RED
PSGDB_8169,DC8169,,RED,RED
PSGDB_8170,DC8170,,RED,RED
PSGDB_8171,DC8171,,RED,RED
PSGRD_8177,DC8177,,RED,RED
PSGRD_8193,DC8193,,RED,RED
PSGRS_8202,DC8202,,RED,RED
PSGRD_8206,DC8206,,RED,RED
PSCBS_8270,DC8270,,RED,RED
PSCBS_8275,DC8275,,RED,RED
PSCBD_8294,DC8294,,RED,RED
PSCBD_8312,DC8312,,RED,RED
PSCBX_8316,DC8316,,RED,RED
PSCYS_8345,DC8345,,RED,RED
PSCYS_8349,DC8349,,RED,RED
PSCYS_8350,DC8350,,RED,RED
PSCYS_8353,DC8353,,RED,RED
PSCYS_8364,DC8364,,RED,RED
PSCYS_8367,DC8367,,RED,RED
PSCYS_8370,DC8370,,RED,RED
PSCYS_8373,DC8373,,RED,RED
PSCYD_8375,DC8375,,RED,RED
PSGTD_8749,DC8749,,RED,RED
PSGTD_8755,DC8755,,RED,RED
PSGGD_8770,DC8770,,RED,RED
PSGGD_8771,DC8771,,RED,RED
PSGIM_8796,DC8796,,RED,RED
PSGIM_8798,DC8798,,RED,RED
PSGIS_8801,DC8801,,RED,RED
PSCZS_8921,DC8921,,RED,RED
PSCZS_8922,DC8922,,RED,RED
PSCZS_8923,DC8923,,RED,RED
PSCZD_8927,DC8927,,RED,RED
PSCZS_8935,DC8935,,RED,RED
PSCZS_8938,DC8938,,RED,RED
PSCZS_8939,DC8939,,RED,RED
PSCZS_8940,DC8940,,RED,RED
PSCZS_8941,DC8941,,RED,RED
PSCZS_8944,DC8944,,RED,RED
PSCZS_8945,DC8945,,RED,RED
PSCZS_8946,DC8946,,RED,RED
PSCZS_8947,DC8947,,RED,RED
PSCZS_8948,DC8948,,RED,RED
PSCYD_9014,DC9014,,RED,RED
PSCYD_9041,DC9041,,RED,RED
PSCZS_9067,DC9067,,RED,RED
PSCZD_9068,DC9068,,RED,RED
PSCZD_9069,DC9069,,RED,RED
PSCZD_9072,DC9072,,RED,RED
PSCZD_9082,DC9082,,RED,RED
PSCZD_9083,DC9083,,RED,RED
PSCVD_9093,DC9093,,RED,RED
PSGBS_9123,DC9123,,RED,RED
PSGBS_9124,DC9124,,RED,RED
PSGBS_9127,DC9127,,RED,RED
PSGBS_9128,DC9128,,RED,RED
PSGBS_9130,DC9130,,RED,RED
PSGBS_9132,DC9132,,RED,RED
PSGBS_9138,DC9138,,RED,RED
PSGBS_9139,DC9139,,RED,RED
PSGBS_9141,DC9141,,RED,RED
PSGBS_9142,DC9142,,RED,RED
PSGOB_9154,DC9154,,RED,RED
PSGOB_9156,DC9156,,RED,RED
PSGOB_9159,DC9159,,RED,RED
PSGOB_9160,DC9160,,RED,RED
PSGOB_9162,DC9162,,RED,RED
PSGOB_9163,DC9163,,RED,RED
PSGOB_9164,DC9164,,RED,RED
PSGOB_9166,DC9166,,RED,RED
PSGOB_9174,DC9174,,RED,RED
PSGOB_9175,DC9175,,RED,RED
PSGOB_9179,DC9179,,RED,RED
PSGOB_9180,DC9180,,RED,RED
PSGOB_9181,DC9181,,RED,RED
PSGOB_9183,DC9183,,RED,RED
PSGOB_9186,DC9186,,RED,RED
PSGOB_9188,DC9188,,RED,RED
PSGOB_9190,DC9190,,RED,RED
PSGOB_9200,DC9200,,RED,RED
PSGOB_9201,DC9201,,RED,RED
PSGOS_9204,DC9204,,RED,RED
PSPGD_1035,PNG1035,,RED,RED
PSPGS_1099,PNG1099,,RED,RED
PSPVD_1251,PNG1251,,RED,RED
PSPVS_1357,PNG1357,,RED,RED